{
  "info": {
    "name": "DijitoTrack Auth Module",
    "_postman_id": "dijitotrack-auth-001",
    "schema": "https://schema.getpostman.com/json/collection/v2.1.0/collection.json"
  },
  "variable": [
    { "key": "base_url", "value": "http://localhost:3000/api" },
    { "key": "access_token", "value": "" },
    { "key": "refresh_token", "value": "" }
  ],
  "item": [
    {
      "name": "Owner Signup",
      "request": {
        "method": "POST",
        "header": [{ "key": "Content-Type", "value": "application/json" }],
        "url": {
          "raw": "{{base_url}}/auth/signup",
          "host": ["{{base_url}}"],
          "path": ["auth", "signup"]
        },
        "body": {
          "mode": "raw",
          "raw": "{\n  \"email\": \"owner@test.com\",\n  \"password\": \"StrongPass123\"\n}"
        }
      },
      "event": [
        {
          "listen": "test",
          "script": {
            "exec": [
              "const r = pm.response.json();",
              "pm.environment.set(\"access_token\", r.tokens.accessToken);",
              "pm.environment.set(\"refresh_token\", r.tokens.refreshToken);"
            ]
          }
        }
      ]
    },
    {
      "name": "Login",
      "request": {
        "method": "POST",
        "header": [{ "key": "Content-Type", "value": "application/json" }],
        "url": {
          "raw": "{{base_url}}/auth/login",
          "host": ["{{base_url}}"],
          "path": ["auth", "login"]
        },
        "body": {
          "mode": "raw",
          "raw": "{\n  \"email\": \"owner@test.com\",\n  \"password\": \"StrongPass123\"\n}"
        }
      }
    },
    {
      "name": "Refresh Token",
      "request": {
        "method": "POST",
        "header": [{ "key": "Content-Type", "value": "application/json" }],
        "url": {
          "raw": "{{base_url}}/auth/refresh",
          "host": ["{{base_url}}"],
          "path": ["auth", "refresh"]
        },
        "body": {
          "mode": "raw",
          "raw": "{\n  \"refresh_token\": \"{{refresh_token}}\"\n}"
        }
      },
      "event": [
        {
          "listen": "test",
          "script": {
            "exec": [
              "const r = pm.response.json();",
              "pm.environment.set(\"access_token\", r.accessToken);",
              "pm.environment.set(\"refresh_token\", r.refreshToken);"
            ]
          }
        }
      ]
    },
    {
      "name": "Logout",
      "request": {
        "method": "POST",
        "header": [
          { "key": "Authorization", "value": "Bearer {{access_token}}" }
        ],
        "url": {
          "raw": "{{base_url}}/auth/logout",
          "host": ["{{base_url}}"],
          "path": ["auth", "logout"]
        }
      }
    },
    {
      "name": "Password Reset Request",
      "request": {
        "method": "POST",
        "header": [{ "key": "Content-Type", "value": "application/json" }],
        "url": {
          "raw": "{{base_url}}/auth/password/request-reset",
          "host": ["{{base_url}}"],
          "path": ["auth", "password", "request-reset"]
        },
        "body": {
          "mode": "raw",
          "raw": "{\n  \"email\": \"owner@test.com\"\n}"
        }
      }
    },
    {
      "name": "Password Reset Confirm",
      "request": {
        "method": "POST",
        "header": [{ "key": "Content-Type", "value": "application/json" }],
        "url": {
          "raw": "{{base_url}}/auth/password/reset",
          "host": ["{{base_url}}"],
          "path": ["auth", "password", "reset"]
        },
        "body": {
          "mode": "raw",
          "raw": "{\n  \"token\": \"PASTE_TOKEN_FROM_CONSOLE\",\n  \"password\": \"NewStrongPass123\"\n}"
        }
      }
    },
    {
      "name": "Customer Identify",
      "request": {
        "method": "POST",
        "header": [{ "key": "Content-Type", "value": "application/json" }],
        "url": {
          "raw": "{{base_url}}/auth/customer/identify",
          "host": ["{{base_url}}"],
          "path": ["auth", "customer", "identify"]
        },
        "body": {
          "mode": "raw",
          "raw": "{\n  \"phone\": \"255712345678\"\n}"
        }
      }
    },
    {
      "name": "Customer Request OTP",
      "request": {
        "method": "POST",
        "header": [{ "key": "Content-Type", "value": "application/json" }],
        "url": {
          "raw": "{{base_url}}/auth/customer/request-otp",
          "host": ["{{base_url}}"],
          "path": ["auth", "customer", "request-otp"]
        },
        "body": {
          "mode": "raw",
          "raw": "{\n  \"phone\": \"255712345678\",\n  \"business_id\": \"PASTE_BUSINESS_ID\"\n}"
        }
      }
    },
    {
      "name": "Customer Verify OTP",
      "request": {
        "method": "POST",
        "header": [{ "key": "Content-Type", "value": "application/json" }],
        "url": {
          "raw": "{{base_url}}/auth/customer/verify-otp",
          "host": ["{{base_url}}"],
          "path": ["auth", "customer", "verify-otp"]
        },
        "body": {
          "mode": "raw",
          "raw": "{\n  \"phone\": \"255712345678\",\n  \"business_id\": \"PASTE_BUSINESS_ID\",\n  \"otp\": \"123456\"\n}"
        }
      }
    }
  ]
}
